group,team,player_name,position_group,source
A,Coreia do Sul,Cho Yu-min,Defender,Convocação Oficial 2026
A,Coreia do Sul,Kim Min-jae,Defender,Convocação Oficial 2026
A,Coreia do Sul,Kim Moon-hwan,Defender,Convocação Oficial 2026
A,Coreia do Sul,Kim Tae-hyeon,Defender,Convocação Oficial 2026
A,Coreia do Sul,Lee Han-beom,Defender,Convocação Oficial 2026
A,Coreia do Sul,Lee Tae-seok,Defender,Convocação Oficial 2026
A,Coreia do Sul,Park Jin-seob,Defender,Convocação Oficial 2026
A,Coreia do Sul,Seol Young-woo,Defender,Convocação Oficial 2026
A,Coreia do Sul,Cho Gue-sung,Forward,Convocação Oficial 2026
A,Coreia do Sul,Oh Hyeon-gyu,Forward,Convocação Oficial 2026
A,Coreia do Sul,Son Heung-min,Forward,Convocação Oficial 2026
A,Coreia do Sul,Jo Hyeon-woo,Goalkeeper,Convocação Oficial 2026
A,Coreia do Sul,Kim Seung-gyu,Goalkeeper,Convocação Oficial 2026
A,Coreia do Sul,Song Bum-keun,Goalkeeper,Convocação Oficial 2026
A,Coreia do Sul,Bae Jun-ho,Midfielder,Convocação Oficial 2026
A,Coreia do Sul,Eom Ji-sung,Midfielder,Convocação Oficial 2026
A,Coreia do Sul,Hwang Hee-chan,Midfielder,Convocação Oficial 2026
A,Coreia do Sul,Jens Castrop,Midfielder,Convocação Oficial 2026
A,Coreia do Sul,Kim Jin-gyu,Midfielder,Convocação Oficial 2026
A,Coreia do Sul,Kwon Hyeok-kyu,Midfielder,Convocação Oficial 2026
A,Coreia do Sul,Lee Jae-sung,Midfielder,Convocação Oficial 2026
A,Coreia do Sul,Seo Min-woo,Midfielder,Convocação Oficial 2026
A,Coreia do Sul,Won Du-jae,Midfielder,Convocação Oficial 2026
A,Coreia do Sul,Yang Min-hyeok,Midfielder,Convocação Oficial 2026
A,México,César Montes,Defender,Convocação Oficial 2026
A,México,Israel Reyes,Defender,Convocação Oficial 2026
A,México,Jesús Gallardo,Defender,Convocação Oficial 2026
A,México,Jesús Orozco,Defender,Convocação Oficial 2026
A,México,Johan Vásquez,Defender,Convocação Oficial 2026
A,México,Kevin Álvarez,Defender,Convocação Oficial 2026
A,México,Mateo Chávez,Defender,Convocação Oficial 2026
A,México,Alexis Vega,Forward,Convocação Oficial 2026
A,México,César Huerta,Forward,Convocação Oficial 2026
A,México,Diego Lainez,Forward,Convocação Oficial 2026
A,México,Germán Berterame,Forward,Convocação Oficial 2026
A,México,Hirving Lozano,Forward,Convocação Oficial 2026
A,México,Julián Quiñones,Forward,Convocação Oficial 2026
A,México,Raúl Jiménez,Forward,Convocação Oficial 2026
A,México,Roberto Alvarado,Forward,Convocação Oficial 2026
A,México,Santiago Giménez,Forward,Convocação Oficial 2026
A,México,Carlos Acevedo,Goalkeeper,Convocação Oficial 2026
A,México,Luis Malagón,Goalkeeper,Convocação Oficial 2026
A,México,Raúl Rangel,Goalkeeper,Convocação Oficial 2026
A,México,Alexis Gutiérrez,Midfielder,Convocação Oficial 2026
A,México,Edson Álvarez,Midfielder,Convocação Oficial 2026
A,México,Erick Sánchez,Midfielder,Convocação Oficial 2026
A,México,Fidel Ambriz,Midfielder,Convocação Oficial 2026
A,México,Gilberto Mora,Midfielder,Convocação Oficial 2026
A,México,Marcel Ruiz,Midfielder,Convocação Oficial 2026
A,México,Obed Vargas,Midfielder,Convocação Oficial 2026
A,México,Orbelín Pineda,Midfielder,Convocação Oficial 2026
A,México,Érik Lira,Midfielder,Convocação Oficial 2026
A,República Tcheca,David Jurasek,Defender,Convocação Oficial 2026
A,República Tcheca,Jaroslav Zeleny,Defender,Convocação Oficial 2026
A,República Tcheca,Ladislav Krejci,Defender,Convocação Oficial 2026
A,República Tcheca,Martin Vitik,Defender,Convocação Oficial 2026
A,República Tcheca,Robin Hranac,Defender,Convocação Oficial 2026
A,República Tcheca,Stepan Chaloupek,Defender,Convocação Oficial 2026
A,República Tcheca,Tomas Holes,Defender,Convocação Oficial 2026
A,República Tcheca,Vladimir Coufal,Defender,Convocação Oficial 2026
A,República Tcheca,Jan Kliment,Forward,Convocação Oficial 2026
A,República Tcheca,Mojmir Chytil,Forward,Convocação Oficial 2026
A,República Tcheca,Patrik Schick,Forward,Convocação Oficial 2026
A,República Tcheca,Tomas Chory,Forward,Convocação Oficial 2026
A,República Tcheca,Lukas Hornicek,Goalkeeper,Convocação Oficial 2026
A,República Tcheca,Martin Jedlicka,Goalkeeper,Convocação Oficial 2026
A,República Tcheca,Matej Kovar,Goalkeeper,Convocação Oficial 2026
A,República Tcheca,Adam Karabec,Midfielder,Convocação Oficial 2026
A,República Tcheca,Denis Visinsky,Midfielder,Convocação Oficial 2026
A,República Tcheca,Lukas Cerv,Midfielder,Convocação Oficial 2026
A,República Tcheca,Lukas Provod,Midfielder,Convocação Oficial 2026
A,República Tcheca,Michal Sadilek,Midfielder,Convocação Oficial 2026
A,República Tcheca,Pavel Bucha,Midfielder,Convocação Oficial 2026
A,República Tcheca,Pavel Sulc,Midfielder,Convocação Oficial 2026
A,República Tcheca,Tomas Ladra,Midfielder,Convocação Oficial 2026
A,República Tcheca,Tomas Soucek,Midfielder,Convocação Oficial 2026
A,República Tcheca,Vladimir Darida,Midfielder,Convocação Oficial 2026
A,África do Sul,Aubrey Modiba,Defender,Convocação Oficial 2026
A,África do Sul,Bradley Cross,Defender,Convocação Oficial 2026
A,África do Sul,Fawaaz Basadien,Defender,Convocação Oficial 2026
A,África do Sul,Fezile Gcaba,Defender,Convocação Oficial 2026
A,África do Sul,Ime Okon,Defender,Convocação Oficial 2026
A,África do Sul,Keegan Allan,Defender,Convocação Oficial 2026
A,África do Sul,Khuliso Mudau,Defender,Convocação Oficial 2026
A,África do Sul,Khulumani Ndamane,Defender,Convocação Oficial 2026
A,África do Sul,Malibongwe Khoza,Defender,Convocação Oficial 2026
A,África do Sul,Mbekezeli Mbokazi,Defender,Convocação Oficial 2026
A,África do Sul,Nkosinathi Sibisi,Defender,Convocação Oficial 2026
A,África do Sul,Samukele Kabini,Defender,Convocação Oficial 2026
A,África do Sul,Siyabonga Ngezana,Defender,Convocação Oficial 2026
A,África do Sul,Thabang Matuludi,Defender,Convocação Oficial 2026
A,África do Sul,Thabiso Monyane,Defender,Convocação Oficial 2026
A,África do Sul,Thabo Moloisane,Defender,Convocação Oficial 2026
A,África do Sul,Thapelo Morena,Defender,Convocação Oficial 2026
A,África do Sul,Tylon Smith,Defender,Convocação Oficial 2026
A,África do Sul,Vuyo Letlapa,Defender,Convocação Oficial 2026
A,África do Sul,Elias Mokwana,Forward,Convocação Oficial 2026
A,África do Sul,Iqraam Rayners,Forward,Convocação Oficial 2026
A,África do Sul,Lyle Foster,Forward,Convocação Oficial 2026
A,África do Sul,Oswin Appollis,Forward,Convocação Oficial 2026
A,África do Sul,Percy Tau,Forward,Convocação Oficial 2026
A,África do Sul,Relebohile Mofokeng,Forward,Convocação Oficial 2026
A,África do Sul,Brandon Petersen,Goalkeeper,Convocação Oficial 2026
A,África do Sul,Darren Johnson,Goalkeeper,Convocação Oficial 2026
A,África do Sul,Renaldo Leaner,Goalkeeper,Convocação Oficial 2026
A,África do Sul,Ricardo Goss,Goalkeeper,Convocação Oficial 2026
A,África do Sul,Ronwen Williams,Goalkeeper,Convocação Oficial 2026
A,África do Sul,Sipho Chaine,Goalkeeper,Convocação Oficial 2026
A,África do Sul,Bathusi Aubaas,Midfielder,Convocação Oficial 2026
A,África do Sul,Luke Le Roux,Midfielder,Convocação Oficial 2026
A,África do Sul,Mduduzi Shabalala,Midfielder,Convocação Oficial 2026
A,África do Sul,Mthetheleli Mthiyane,Midfielder,Convocação Oficial 2026
A,África do Sul,Ndamulelo Maphangule,Midfielder,Convocação Oficial 2026
A,África do Sul,Patrick Maswanganyi,Midfielder,Convocação Oficial 2026
A,África do Sul,Siphesihle Maduna,Midfielder,Convocação Oficial 2026
A,África do Sul,Siphesihle Mkhize,Midfielder,Convocação Oficial 2026
A,África do Sul,Sipho Mbule,Midfielder,Convocação Oficial 2026
A,África do Sul,Sphephelo Sithole,Midfielder,Convocação Oficial 2026
A,África do Sul,Teboho Mokoena,Midfielder,Convocação Oficial 2026
A,África do Sul,Thalente Mbatha,Midfielder,Convocação Oficial 2026
A,África do Sul,Themba Zwane,Midfielder,Convocação Oficial 2026
B,Bósnia e Herzegovina,Amar Dedić,Defender,Convocação Oficial 2026
B,Bósnia e Herzegovina,Dennis Hadžikadunić,Defender,Convocação Oficial 2026
B,Bósnia e Herzegovina,Nidal Čelik,Defender,Convocação Oficial 2026
B,Bósnia e Herzegovina,Nikola Katić,Defender,Convocação Oficial 2026
B,Bósnia e Herzegovina,Sead Kolašinac,Defender,Convocação Oficial 2026
B,Bósnia e Herzegovina,Stjepan Radeljić,Defender,Convocação Oficial 2026
B,Bósnia e Herzegovina,Tarik Muharemović,Defender,Convocação Oficial 2026
B,Bósnia e Herzegovina,Edin Džeko,Forward,Convocação Oficial 2026
B,Bósnia e Herzegovina,Ermedin Demirović,Forward,Convocação Oficial 2026
B,Bósnia e Herzegovina,Haris Tabaković,Forward,Convocação Oficial 2026
B,Bósnia e Herzegovina,Jovo Lukić,Forward,Convocação Oficial 2026
B,Bósnia e Herzegovina,Samed Baždar,Forward,Convocação Oficial 2026
B,Bósnia e Herzegovina,Martin Zlomislic,Goalkeeper,Convocação Oficial 2026
B,Bósnia e Herzegovina,Nikola Vasilj,Goalkeeper,Convocação Oficial 2026
B,Bósnia e Herzegovina,Osman Hadzikic,Goalkeeper,Convocação Oficial 2026
B,Bósnia e Herzegovina,Amar Memić,Midfielder,Convocação Oficial 2026
B,Bósnia e Herzegovina,Armin Gigović,Midfielder,Convocação Oficial 2026
B,Bósnia e Herzegovina,Benjamin Tahirović,Midfielder,Convocação Oficial 2026
B,Bósnia e Herzegovina,Dženis Burnić,Midfielder,Convocação Oficial 2026
B,Bósnia e Herzegovina,Esmir Bajraktarević,Midfielder,Convocação Oficial 2026
B,Bósnia e Herzegovina,Ivan Bašić,Midfielder,Convocação Oficial 2026
B,Bósnia e Herzegovina,Ivan Šunjić,Midfielder,Convocação Oficial 2026
B,Bósnia e Herzegovina,Kerim Alajbegović,Midfielder,Convocação Oficial 2026
B,Canadá,Alistair Johnston,Defender,Convocação Oficial 2026
B,Canadá,Alphonso Davies,Defender,Convocação Oficial 2026
B,Canadá,Derek Cornelius,Defender,Convocação Oficial 2026
B,Canadá,Luc de Fougerolles,Defender,Convocação Oficial 2026
B,Canadá,Niko Sigur,Defender,Convocação Oficial 2026
B,Canadá,Richie Laryea,Defender,Convocação Oficial 2026
B,Canadá,Daniel Jebbison,Forward,Convocação Oficial 2026
B,Canadá,Jonathan David,Forward,Convocação Oficial 2026
B,Canadá,Promise David,Forward,Convocação Oficial 2026
B,Canadá,Tani Oluwaseyi,Forward,Convocação Oficial 2026
B,Canadá,Dayne St. Clair,Goalkeeper,Convocação Oficial 2026
B,Canadá,Max Crépeau,Goalkeeper,Convocação Oficial 2026
B,Canadá,Owen Goodman,Goalkeeper,Convocação Oficial 2026
B,Canadá,Ali Ahmed,Midfielder,Convocação Oficial 2026
B,Canadá,Ismaël Koné,Midfielder,Convocação Oficial 2026
B,Canadá,Stephen Eustaquio,Midfielder,Convocação Oficial 2026
B,Canadá,Tajon Buchanan,Midfielder,Convocação Oficial 2026
B,Catar,Abdelkarim Hassan,Defender,Convocação Oficial 2026
B,Catar,Ali Assadalla,Defender,Convocação Oficial 2026
B,Catar,Bassam Al-Rawi,Defender,Convocação Oficial 2026
B,Catar,Tarek Salman,Defender,Convocação Oficial 2026
B,Catar,Akram Afif,Forward,Convocação Oficial 2026
B,Catar,Almoez Ali,Forward,Convocação Oficial 2026
B,Catar,Hassan Al-Haydos,Forward,Convocação Oficial 2026
B,Catar,Meshaal Barsham,Goalkeeper,Convocação Oficial 2026
B,Catar,Saad Al Sheeb,Goalkeeper,Convocação Oficial 2026
B,Catar,Abdulaziz Hatem,Midfielder,Convocação Oficial 2026
B,Catar,Hasan Al-Haydos,Midfielder,Convocação Oficial 2026
B,Catar,Salem Al-Hajri,Midfielder,Convocação Oficial 2026
B,Suíça,Adrian Bajrami,Defender,Convocação Oficial 2026
B,Suíça,Aurèle Amenda,Defender,Convocação Oficial 2026
B,Suíça,Becir Omeragic,Defender,Convocação Oficial 2026
B,Suíça,Isaac Schmidt,Defender,Convocação Oficial 2026
B,Suíça,Luca Jaquez,Defender,Convocação Oficial 2026
B,Suíça,Manuel Akanji,Defender,Convocação Oficial 2026
B,Suíça,Miro Muheim,Defender,Convocação Oficial 2026
B,Suíça,Nico Elvedi,Defender,Convocação Oficial 2026
B,Suíça,Ricardo Rodríguez,Defender,Convocação Oficial 2026
B,Suíça,Silvan Widmer,Defender,Convocação Oficial 2026
B,Suíça,Andi Zeqiri,Forward,Convocação Oficial 2026
B,Suíça,Breel Embolo,Forward,Convocação Oficial 2026
B,Suíça,Cedric Itten,Forward,Convocação Oficial 2026
B,Suíça,Dan Ndoye,Forward,Convocação Oficial 2026
B,Suíça,Ruben Vargas,Forward,Convocação Oficial 2026
B,Suíça,Gregor Kobel,Goalkeeper,Convocação Oficial 2026
B,Suíça,Marvin Keller,Goalkeeper,Convocação Oficial 2026
B,Suíça,Yvon Mvogo,Goalkeeper,Convocação Oficial 2026
B,Suíça,Christian Fassnacht,Midfielder,Convocação Oficial 2026
B,Suíça,Djibril Sow,Midfielder,Convocação Oficial 2026
B,Suíça,Fabian Rieder,Midfielder,Convocação Oficial 2026
B,Suíça,Granit Xhaka,Midfielder,Convocação Oficial 2026
B,Suíça,Johan Manzambi,Midfielder,Convocação Oficial 2026
B,Suíça,Michel Aebischer,Midfielder,Convocação Oficial 2026
B,Suíça,Simon Sohm,Midfielder,Convocação Oficial 2026
B,Suíça,Vincent Sierro,Midfielder,Convocação Oficial 2026
C,Escócia,Andy Robertson,Defender,Convocação Oficial 2026
C,Escócia,Jack Hendry,Defender,Convocação Oficial 2026
C,Escócia,John McGinn,Defender,Convocação Oficial 2026
C,Escócia,Kieran Tierney,Defender,Convocação Oficial 2026
C,Escócia,Nathan Patterson,Defender,Convocação Oficial 2026
C,Escócia,Scott McKenna,Defender,Convocação Oficial 2026
C,Escócia,Ben Doak,Forward,Convocação Oficial 2026
C,Escócia,Ché Adams,Forward,Convocação Oficial 2026
C,Escócia,Lewis Ferguson,Forward,Convocação Oficial 2026
C,Escócia,Lyndon Dykes,Forward,Convocação Oficial 2026
C,Escócia,Angus Gunn,Goalkeeper,Convocação Oficial 2026
C,Escócia,Craig Gordon,Goalkeeper,Convocação Oficial 2026
C,Escócia,Liam Kelly,Goalkeeper,Convocação Oficial 2026
C,Escócia,Billy Gilmour,Midfielder,Convocação Oficial 2026
C,Escócia,Callum McGregor,Midfielder,Convocação Oficial 2026
C,Escócia,Kenny McLean,Midfielder,Convocação Oficial 2026
C,Escócia,Ryan Christie,Midfielder,Convocação Oficial 2026
C,Escócia,Scott McTominay,Midfielder,Convocação Oficial 2026
C,Haiti,Alex Christian Jr,Defender,Convocação Oficial 2026
C,Haiti,Carlens Arcus,Defender,Convocação Oficial 2026
C,Haiti,Jean-Kevin Duverne,Defender,Convocação Oficial 2026
C,Haiti,Ricardo Adé,Defender,Convocação Oficial 2026
C,Haiti,Duckens Nazon,Forward,Convocação Oficial 2026
C,Haiti,Frantzdy Pierrot,Forward,Convocação Oficial 2026
C,Haiti,Mikael Cantave,Forward,Convocação Oficial 2026
C,Haiti,Mondy Prunier,Forward,Convocação Oficial 2026
C,Haiti,Garissone Innocent,Goalkeeper,Convocação Oficial 2026
C,Haiti,Johny Placide,Goalkeeper,Convocação Oficial 2026
C,Haiti,Wilguens Pierre,Goalkeeper,Convocação Oficial 2026
C,Haiti,Bryan Alceus,Midfielder,Convocação Oficial 2026
C,Haiti,Carl-Fred Sainte,Midfielder,Convocação Oficial 2026
C,Haiti,Derrick Etienne Jr,Midfielder,Convocação Oficial 2026
C,Haiti,Leverton Pierre,Midfielder,Convocação Oficial 2026
C,Marrocos,Achraf Hakimi,Defender,Convocação Oficial 2026
C,Marrocos,Chadi Riad,Defender,Convocação Oficial 2026
C,Marrocos,Jawad El Yamiq,Defender,Convocação Oficial 2026
C,Marrocos,Nayef Aguerd,Defender,Convocação Oficial 2026
C,Marrocos,Noussair Mazraoui,Defender,Convocação Oficial 2026
C,Marrocos,Romain Saïss,Defender,Convocação Oficial 2026
C,Marrocos,Abde Ezzalzouli,Forward,Convocação Oficial 2026
C,Marrocos,Amine Adli,Forward,Convocação Oficial 2026
C,Marrocos,Ayoub El Kaabi,Forward,Convocação Oficial 2026
C,Marrocos,Hakim Ziyech,Forward,Convocação Oficial 2026
C,Marrocos,Youssef En-Nesyri,Forward,Convocação Oficial 2026
C,Marrocos,Ahmed Reda Tagnaouti,Goalkeeper,Convocação Oficial 2026
C,Marrocos,Munir El Kajoui,Goalkeeper,Convocação Oficial 2026
C,Marrocos,Yassine Bounou,Goalkeeper,Convocação Oficial 2026
C,Marrocos,Azzedine Ounahi,Midfielder,Convocação Oficial 2026
C,Marrocos,Bilal El Khannouss,Midfielder,Convocação Oficial 2026
C,Marrocos,Ismael Saibari,Midfielder,Convocação Oficial 2026
C,Marrocos,Selim Amallah,Midfielder,Convocação Oficial 2026
C,Marrocos,Sofyan Amrabat,Midfielder,Convocação Oficial 2026
D,Austrália,Alessandro Circati,Defender,Convocação Oficial 2026
D,Austrália,Cameron Burgess,Defender,Convocação Oficial 2026
D,Austrália,Jason Geria,Defender,Convocação Oficial 2026
D,Austrália,Jordan Bos,Defender,Convocação Oficial 2026
D,Austrália,Kye Rowles,Defender,Convocação Oficial 2026
D,Austrália,Lewis Miller,Defender,Convocação Oficial 2026
D,Austrália,Miloš Degenek,Defender,Convocação Oficial 2026
D,Austrália,Daniel Arzani,Forward,Convocação Oficial 2026
D,Austrália,Martin Boyle,Forward,Convocação Oficial 2026
D,Austrália,Mitch Duke,Forward,Convocação Oficial 2026
D,Austrália,Mohamed Touré,Forward,Convocação Oficial 2026
D,Austrália,Nestory Irankunda,Forward,Convocação Oficial 2026
D,Austrália,Nicholas D’Agostino,Forward,Convocação Oficial 2026
D,Austrália,Joe Gauci,Goalkeeper,Convocação Oficial 2026
D,Austrália,Mathew Ryan,Goalkeeper,Convocação Oficial 2026
D,Austrália,Paul Izzo,Goalkeeper,Convocação Oficial 2026
D,Austrália,Aiden O’Neill,Midfielder,Convocação Oficial 2026
D,Austrália,Ajdin Hrustić,Midfielder,Convocação Oficial 2026
D,Austrália,Alexander Robertson,Midfielder,Convocação Oficial 2026
D,Austrália,Cameron Devlin,Midfielder,Convocação Oficial 2026
D,Austrália,Connor Metcalfe,Midfielder,Convocação Oficial 2026
D,Austrália,Max Balard,Midfielder,Convocação Oficial 2026
D,Austrália,Patrick Yazbek,Midfielder,Convocação Oficial 2026
D,Estados Unidos,Alex Freeman,Defender,Convocação Oficial 2026
D,Estados Unidos,Antonee Robinson,Defender,Convocação Oficial 2026
D,Estados Unidos,Auston Trusty,Defender,Convocação Oficial 2026
D,Estados Unidos,Chris Richards,Defender,Convocação Oficial 2026
D,Estados Unidos,Mark McKenzie,Defender,Convocação Oficial 2026
D,Estados Unidos,Miles Robinson,Defender,Convocação Oficial 2026
D,Estados Unidos,Sergiño Dest,Defender,Convocação Oficial 2026
D,Estados Unidos,Tim Ream,Defender,Convocação Oficial 2026
D,Estados Unidos,Christian Pulisic,Forward,Convocação Oficial 2026
D,Estados Unidos,Diego Luna,Forward,Convocação Oficial 2026
D,Estados Unidos,Folarin Balogun,Forward,Convocação Oficial 2026
D,Estados Unidos,Haji Wright,Forward,Convocação Oficial 2026
D,Estados Unidos,Ricardo Pepi,Forward,Convocação Oficial 2026
D,Estados Unidos,Matt Freese,Goalkeeper,Convocação Oficial 2026
D,Estados Unidos,Matt Turner,Goalkeeper,Convocação Oficial 2026
D,Estados Unidos,Patrick Schulte,Goalkeeper,Convocação Oficial 2026
D,Estados Unidos,Brenden Aaronson,Midfielder,Convocação Oficial 2026
D,Estados Unidos,Cristian Roldan,Midfielder,Convocação Oficial 2026
D,Estados Unidos,Giovanni Reyna,Midfielder,Convocação Oficial 2026
D,Estados Unidos,Malik Tillman,Midfielder,Convocação Oficial 2026
D,Estados Unidos,Sebastian Berhalter,Midfielder,Convocação Oficial 2026
D,Estados Unidos,Tanner Tessmann,Midfielder,Convocação Oficial 2026
D,Estados Unidos,Tim Weah,Midfielder,Convocação Oficial 2026
D,Estados Unidos,Tyler Adams,Midfielder,Convocação Oficial 2026
D,Estados Unidos,Weston McKennie,Midfielder,Convocação Oficial 2026
D,Paraguai,Alan Benítez,Defender,Convocação Oficial 2026
D,Paraguai,Alexis Duarte,Defender,Convocação Oficial 2026
D,Paraguai,Blas Riveros,Defender,Convocação Oficial 2026
D,Paraguai,Gustavo Gómez,Defender,Convocação Oficial 2026
D,Paraguai,Gustavo Velázquez,Defender,Convocação Oficial 2026
D,Paraguai,Juan Cáceres,Defender,Convocação Oficial 2026
D,Paraguai,Junior Alonso,Defender,Convocação Oficial 2026
D,Paraguai,Alex Arce,Forward,Convocação Oficial 2026
D,Paraguai,Antonio Sanabria,Forward,Convocação Oficial 2026
D,Paraguai,Julio Enciso,Forward,Convocação Oficial 2026
D,Paraguai,Ronaldo Martínez,Forward,Convocação Oficial 2026
D,Paraguai,Aldo Pérez,Goalkeeper,Convocação Oficial 2026
D,Paraguai,Orlando Gil,Goalkeeper,Convocação Oficial 2026
D,Paraguai,Roberto Fernández,Goalkeeper,Convocação Oficial 2026
D,Paraguai,Braian Ojeda,Midfielder,Convocação Oficial 2026
D,Paraguai,Diego González,Midfielder,Convocação Oficial 2026
D,Paraguai,Diego Gómez,Midfielder,Convocação Oficial 2026
D,Paraguai,Hugo Cuenca,Midfielder,Convocação Oficial 2026
D,Paraguai,Matías Galarza,Midfielder,Convocação Oficial 2026
D,Paraguai,Miguel Almirón,Midfielder,Convocação Oficial 2026
D,Paraguai,Ramón Sosa,Midfielder,Convocação Oficial 2026
D,Turquia,Abdülkerim Bardakcı,Defender,Convocação Oficial 2026
D,Turquia,Ahmetcan Kaplan,Defender,Convocação Oficial 2026
D,Turquia,Eren Elmalı,Defender,Convocação Oficial 2026
D,Turquia,Ferdi Kadıoğlu,Defender,Convocação Oficial 2026
D,Turquia,Merih Demiral,Defender,Convocação Oficial 2026
D,Turquia,Mert Müldür,Defender,Convocação Oficial 2026
D,Turquia,Mustafa Eskihellaç,Defender,Convocação Oficial 2026
D,Turquia,Ozan Kabak,Defender,Convocação Oficial 2026
D,Turquia,Samet Akaydin,Defender,Convocação Oficial 2026
D,Turquia,Zeki Çelik,Defender,Convocação Oficial 2026
D,Turquia,Aral Şimşir,Forward,Convocação Oficial 2026
D,Turquia,Arda Güler,Forward,Convocação Oficial 2026
D,Turquia,Barış Alper Yılmaz,Forward,Convocação Oficial 2026
D,Turquia,Deniz Gül,Forward,Convocação Oficial 2026
D,Turquia,Kenan Yıldız,Forward,Convocação Oficial 2026
D,Turquia,Kerem Aktürkoğlu,Forward,Convocação Oficial 2026
D,Turquia,Oğuz Aydın,Forward,Convocação Oficial 2026
D,Turquia,Semih Kılıçsoy,Forward,Convocação Oficial 2026
D,Turquia,Yunus Akgün,Forward,Convocação Oficial 2026
D,Turquia,İrfan Kahveci,Forward,Convocação Oficial 2026
D,Turquia,Altay Bayındır,Goalkeeper,Convocação Oficial 2026
D,Turquia,Mert Günok,Goalkeeper,Convocação Oficial 2026
D,Turquia,Muhammed Şengezer,Goalkeeper,Convocação Oficial 2026
D,Turquia,Uğurcan Çakır,Goalkeeper,Convocação Oficial 2026
D,Turquia,Atakan Karazor,Midfielder,Convocação Oficial 2026
D,Turquia,Hakan Çalhanoğlu,Midfielder,Convocação Oficial 2026
D,Turquia,Kaan Ayhan,Midfielder,Convocação Oficial 2026
D,Turquia,Orkun Kökçü,Midfielder,Convocação Oficial 2026
D,Turquia,Salih Özcan,Midfielder,Convocação Oficial 2026
D,Turquia,İsmail Yüksek,Midfielder,Convocação Oficial 2026
E,Alemanha,David Raum,Defender,Convocação Oficial 2026
E,Alemanha,Jonathan Tah,Defender,Convocação Oficial 2026
E,Alemanha,Malick Thiaw,Defender,Convocação Oficial 2026
E,Alemanha,Nathaniel Brown,Defender,Convocação Oficial 2026
E,Alemanha,Nico Schlotterbeck,Defender,Convocação Oficial 2026
E,Alemanha,Ridle Baku,Defender,Convocação Oficial 2026
E,Alemanha,Waldemar Anton,Defender,Convocação Oficial 2026
E,Alemanha,Jonathan Burkardt,Forward,Convocação Oficial 2026
E,Alemanha,Nick Woltemade,Forward,Convocação Oficial 2026
E,Alemanha,Said El Mala,Forward,Convocação Oficial 2026
E,Alemanha,Alexander Nübel,Goalkeeper,Convocação Oficial 2026
E,Alemanha,Finn Dahmen,Goalkeeper,Convocação Oficial 2026
E,Alemanha,Noah Atubolu,Goalkeeper,Convocação Oficial 2026
E,Alemanha,Oliver Baumann,Goalkeeper,Convocação Oficial 2026
E,Alemanha,Aleksandar Pavlović,Midfielder,Convocação Oficial 2026
E,Alemanha,Assan Ouédraogo,Midfielder,Convocação Oficial 2026
E,Alemanha,Felix Nmecha,Midfielder,Convocação Oficial 2026
E,Alemanha,Florian Wirtz,Midfielder,Convocação Oficial 2026
E,Alemanha,Jamie Leweling,Midfielder,Convocação Oficial 2026
E,Alemanha,Joshua Kimmich,Midfielder,Convocação Oficial 2026
E,Alemanha,Karim Adeyemi,Midfielder,Convocação Oficial 2026
E,Alemanha,Kevin Schade,Midfielder,Convocação Oficial 2026
E,Alemanha,Leon Goretzka,Midfielder,Convocação Oficial 2026
E,Alemanha,Serge Gnabry,Midfielder,Convocação Oficial 2026
E,Costa do Marfim,Armel Zohouri,Defender,Convocação Oficial 2026
E,Costa do Marfim,Clément Akpa,Defender,Convocação Oficial 2026
E,Costa do Marfim,Emmanuel Agbadou,Defender,Convocação Oficial 2026
E,Costa do Marfim,Evan Ndicka,Defender,Convocação Oficial 2026
E,Costa do Marfim,Ghislain Konan,Defender,Convocação Oficial 2026
E,Costa do Marfim,Guéla Doué,Defender,Convocação Oficial 2026
E,Costa do Marfim,Jean-Philippe Gbamin,Defender,Convocação Oficial 2026
E,Costa do Marfim,Odilon Kossounou,Defender,Convocação Oficial 2026
E,Costa do Marfim,Ousmane Diomandé,Defender,Convocação Oficial 2026
E,Costa do Marfim,Amad Diallo,Forward,Convocação Oficial 2026
E,Costa do Marfim,Evann Guessand,Forward,Convocação Oficial 2026
E,Costa do Marfim,Jean-Philippe Krasso,Forward,Convocação Oficial 2026
E,Costa do Marfim,Oumar Diakité,Forward,Convocação Oficial 2026
E,Costa do Marfim,Richard Koné,Forward,Convocação Oficial 2026
E,Costa do Marfim,Sébastien Haller,Forward,Convocação Oficial 2026
E,Costa do Marfim,Vakoun Issouf Bayo,Forward,Convocação Oficial 2026
E,Costa do Marfim,Yan Diomandé,Forward,Convocação Oficial 2026
E,Costa do Marfim,Alban Lafont,Goalkeeper,Convocação Oficial 2026
E,Costa do Marfim,Mohamed Koné,Goalkeeper,Convocação Oficial 2026
E,Costa do Marfim,Yahia Fofana,Goalkeeper,Convocação Oficial 2026
E,Costa do Marfim,Christ Inao Oulaï,Midfielder,Convocação Oficial 2026
E,Costa do Marfim,Franck Kessié,Midfielder,Convocação Oficial 2026
E,Costa do Marfim,Ibrahim Sangaré,Midfielder,Convocação Oficial 2026
E,Costa do Marfim,Mario Dorgelès,Midfielder,Convocação Oficial 2026
E,Costa do Marfim,Parfait Guiagon,Midfielder,Convocação Oficial 2026
E,Costa do Marfim,Seko Fofana,Midfielder,Convocação Oficial 2026
E,Curaçao,Armando Obispo,Defender,Convocação Oficial 2026
E,Curaçao,Deveron Fonville,Defender,Convocação Oficial 2026
E,Curaçao,Joshua Brenet,Defender,Convocação Oficial 2026
E,Curaçao,Jurien Gaari,Defender,Convocação Oficial 2026
E,Curaçao,Roshon van Eijma,Defender,Convocação Oficial 2026
E,Curaçao,Sherel Floranus,Defender,Convocação Oficial 2026
E,Curaçao,Shurandy Sambo,Defender,Convocação Oficial 2026
E,Curaçao,Gervane Kastaneer,Forward,Convocação Oficial 2026
E,Curaçao,Jearl Margaritha,Forward,Convocação Oficial 2026
E,Curaçao,Jeremy Antonisse,Forward,Convocação Oficial 2026
E,Curaçao,Jordi Paulina,Forward,Convocação Oficial 2026
E,Curaçao,Jurgen Locadia,Forward,Convocação Oficial 2026
E,Curaçao,Kenji Gorré,Forward,Convocação Oficial 2026
E,Curaçao,Sontje Hansen,Forward,Convocação Oficial 2026
E,Curaçao,Eloy Room,Goalkeeper,Convocação Oficial 2026
E,Curaçao,Trevor Doornbusch,Goalkeeper,Convocação Oficial 2026
E,Curaçao,Tyrick Bodak,Goalkeeper,Convocação Oficial 2026
E,Curaçao,Ar’jany Martha,Midfielder,Convocação Oficial 2026
E,Curaçao,Godfried Roemeratoe,Midfielder,Convocação Oficial 2026
E,Curaçao,Juninho Bacuna,Midfielder,Convocação Oficial 2026
E,Curaçao,Kevin Felida,Midfielder,Convocação Oficial 2026
E,Curaçao,Leandro Bacuna,Midfielder,Convocação Oficial 2026
E,Curaçao,Livano Comenencia,Midfielder,Convocação Oficial 2026
E,Curaçao,Tahith Chong,Midfielder,Convocação Oficial 2026
E,Curaçao,Tyrese Noslin,Midfielder,Convocação Oficial 2026
E,Equador,Angelo Preciado,Defender,Convocação Oficial 2026
E,Equador,Cristian Ramírez,Defender,Convocação Oficial 2026
E,Equador,Félix Torres,Defender,Convocação Oficial 2026
E,Equador,Jhoanner Chávez,Defender,Convocação Oficial 2026
E,Equador,Joel Ordóñez,Defender,Convocação Oficial 2026
E,Equador,Leonardo Realpe,Defender,Convocação Oficial 2026
E,Equador,Piero Hincapié,Defender,Convocação Oficial 2026
E,Equador,Willian Pacho,Defender,Convocação Oficial 2026
E,Equador,John Mercado,Forward,Convocação Oficial 2026
E,Equador,Kevin Rodríguez,Forward,Convocação Oficial 2026
E,Equador,Leonardo Campana,Forward,Convocação Oficial 2026
E,Equador,Nilson Angulo,Forward,Convocação Oficial 2026
E,Equador,Cristhian Loor,Goalkeeper,Convocação Oficial 2026
E,Equador,Hernán Galíndez,Goalkeeper,Convocação Oficial 2026
E,Equador,Moisés Ramírez,Goalkeeper,Convocação Oficial 2026
E,Equador,Alan Franco,Midfielder,Convocação Oficial 2026
E,Equador,Alan Minda,Midfielder,Convocação Oficial 2026
E,Equador,Denílson Castillo,Midfielder,Convocação Oficial 2026
E,Equador,John Yeboah,Midfielder,Convocação Oficial 2026
E,Equador,Jordy Alcívar,Midfielder,Convocação Oficial 2026
E,Equador,Kendry Páez,Midfielder,Convocação Oficial 2026
E,Equador,Moisés Caicedo,Midfielder,Convocação Oficial 2026
E,Equador,Patrik Mercado,Midfielder,Convocação Oficial 2026
E,Equador,Pedro Vite,Midfielder,Convocação Oficial 2026
E,Equador,Yaimar Medina,Midfielder,Convocação Oficial 2026
F,Holanda,Jan Paul van Hecke,Defender,Convocação Oficial 2026
F,Holanda,Jurriën Timber,Defender,Convocação Oficial 2026
F,Holanda,Lutsharel Geertruida,Defender,Convocação Oficial 2026
F,Holanda,Matthijs de Ligt,Defender,Convocação Oficial 2026
F,Holanda,Micky van de Ven,Defender,Convocação Oficial 2026
F,Holanda,Nathan Aké,Defender,Convocação Oficial 2026
F,Holanda,Virgil van Dijk,Defender,Convocação Oficial 2026
F,Holanda,Cody Gakpo,Forward,Convocação Oficial 2026
F,Holanda,Memphis Depay,Forward,Convocação Oficial 2026
F,Holanda,Bart Verbruggen,Goalkeeper,Convocação Oficial 2026
F,Holanda,Mark Flekken,Goalkeeper,Convocação Oficial 2026
F,Holanda,Robin Roefs,Goalkeeper,Convocação Oficial 2026
F,Holanda,Frenkie de Jong,Midfielder,Convocação Oficial 2026
F,Holanda,Ryan Gravenberch,Midfielder,Convocação Oficial 2026
F,Holanda,Tijjani Reijnders,Midfielder,Convocação Oficial 2026
F,Holanda,Xavi Simons,Midfielder,Convocação Oficial 2026
F,Japão,Ayumu Seko,Defender,Convocação Oficial 2026
F,Japão,Junnosuke Suzuki,Defender,Convocação Oficial 2026
F,Japão,Ko Itakura,Defender,Convocação Oficial 2026
F,Japão,Shogo Taniguchi,Defender,Convocação Oficial 2026
F,Japão,Tsuyoshi Watanabe,Defender,Convocação Oficial 2026
F,Japão,Yukinari Sugawara,Defender,Convocação Oficial 2026
F,Japão,Ayase Ueda,Forward,Convocação Oficial 2026
F,Japão,Daizen Maeda,Forward,Convocação Oficial 2026
F,Japão,Keisuke Goto,Forward,Convocação Oficial 2026
F,Japão,Koki Ogawa,Forward,Convocação Oficial 2026
F,Japão,Shuto Machino,Forward,Convocação Oficial 2026
F,Japão,Leo Kokubo,Goalkeeper,Convocação Oficial 2026
F,Japão,Taishi Brandon Nozawa,Goalkeeper,Convocação Oficial 2026
F,Japão,Zion Suzuki,Goalkeeper,Convocação Oficial 2026
F,Japão,Ao Tanaka,Midfielder,Convocação Oficial 2026
F,Japão,Daichi Kamada,Midfielder,Convocação Oficial 2026
F,Japão,Joel Chima Fujita,Midfielder,Convocação Oficial 2026
F,Japão,Kaishu Sano,Midfielder,Convocação Oficial 2026
F,Japão,Keito Nakamura,Midfielder,Convocação Oficial 2026
F,Japão,Ritsu Doan,Midfielder,Convocação Oficial 2026
F,Japão,Sota Kitano,Midfielder,Convocação Oficial 2026
F,Japão,Takefusa Kubo,Midfielder,Convocação Oficial 2026
F,Japão,Wataru Endo,Midfielder,Convocação Oficial 2026
F,Suécia,Carl Starfelt,Defender,Convocação Oficial 2026
F,Suécia,Daniel Svensson,Defender,Convocação Oficial 2026
F,Suécia,Elliot Stroud,Defender,Convocação Oficial 2026
F,Suécia,Gabriel Gudmundsson,Defender,Convocação Oficial 2026
F,Suécia,Gustaf Lagerbielke,Defender,Convocação Oficial 2026
F,Suécia,Herman Johansson,Defender,Convocação Oficial 2026
F,Suécia,Isak Hien,Defender,Convocação Oficial 2026
F,Suécia,Victor Lindelöf,Defender,Convocação Oficial 2026
F,Suécia,Anthony Elanga,Forward,Convocação Oficial 2026
F,Suécia,Benjamin Nygren,Forward,Convocação Oficial 2026
F,Suécia,Gustaf Nilsson,Forward,Convocação Oficial 2026
F,Suécia,Roony Bardghji,Forward,Convocação Oficial 2026
F,Suécia,Taha Ali,Forward,Convocação Oficial 2026
F,Suécia,Viktor Gyökeres,Forward,Convocação Oficial 2026
F,Suécia,Kristoffer Nordfeldt,Goalkeeper,Convocação Oficial 2026
F,Suécia,Melker Ellborg,Goalkeeper,Convocação Oficial 2026
F,Suécia,Noel Törnqvist,Goalkeeper,Convocação Oficial 2026
F,Suécia,Besfort Zeneli,Midfielder,Convocação Oficial 2026
F,Suécia,Eric Smith,Midfielder,Convocação Oficial 2026
F,Suécia,Gustav Lundgren,Midfielder,Convocação Oficial 2026
F,Suécia,Hugo Larsson,Midfielder,Convocação Oficial 2026
F,Suécia,Jesper Karlström,Midfielder,Convocação Oficial 2026
F,Suécia,Lucas Bergvall,Midfielder,Convocação Oficial 2026
F,Suécia,Mattias Svanberg,Midfielder,Convocação Oficial 2026
F,Suécia,Williot Swedberg,Midfielder,Convocação Oficial 2026
F,Suécia,Yasin Ayari,Midfielder,Convocação Oficial 2026
F,Tunísia,Ali Maaloul,Defender,Convocação Oficial 2026
F,Tunísia,Marouane Sahraoui,Defender,Convocação Oficial 2026
F,Tunísia,Mohamed Amine Ben Hamida,Defender,Convocação Oficial 2026
F,Tunísia,Moutaz Neffati,Defender,Convocação Oficial 2026
F,Tunísia,Oussama Haddadi,Defender,Convocação Oficial 2026
F,Tunísia,Yassine Meriah,Defender,Convocação Oficial 2026
F,Tunísia,Amor Layouni,Forward,Convocação Oficial 2026
F,Tunísia,Firas Chaouat,Forward,Convocação Oficial 2026
F,Tunísia,Hazem Mastouri,Forward,Convocação Oficial 2026
F,Tunísia,Nacim Dendani,Forward,Convocação Oficial 2026
F,Tunísia,Rayane Anane,Forward,Convocação Oficial 2026
F,Tunísia,Aymen Dahmen,Goalkeeper,Convocação Oficial 2026
F,Tunísia,Bechir Ben Said,Goalkeeper,Convocação Oficial 2026
F,Tunísia,Noureddine Farhati,Goalkeeper,Convocação Oficial 2026
F,Tunísia,Chiheb Jebali,Midfielder,Convocação Oficial 2026
F,Tunísia,Ferjani Sassi,Midfielder,Convocação Oficial 2026
F,Tunísia,Hadj Mahmoud,Midfielder,Convocação Oficial 2026
F,Tunísia,Houssem Tka,Midfielder,Convocação Oficial 2026
F,Tunísia,Ismael Gharbi,Midfielder,Convocação Oficial 2026
F,Tunísia,Mohamed Ali Ben Romdhane,Midfielder,Convocação Oficial 2026
G,Bélgica,Arthur Theate,Defender,Convocação Oficial 2026
G,Bélgica,Brandon Mechele,Defender,Convocação Oficial 2026
G,Bélgica,Joaquin Seys,Defender,Convocação Oficial 2026
G,Bélgica,Koni De Winter,Defender,Convocação Oficial 2026
G,Bélgica,Maxim De Cuyper,Defender,Convocação Oficial 2026
G,Bélgica,Thomas Meunier,Defender,Convocação Oficial 2026
G,Bélgica,Timothy Castagne,Defender,Convocação Oficial 2026
G,Bélgica,Charles De Ketelaere,Forward,Convocação Oficial 2026
G,Bélgica,Dodi Lukebakio,Forward,Convocação Oficial 2026
G,Bélgica,Jérémy Doku,Forward,Convocação Oficial 2026
G,Bélgica,Leandro Trossard,Forward,Convocação Oficial 2026
G,Bélgica,Loïs Openda,Forward,Convocação Oficial 2026
G,Bélgica,Romeo Vermant,Forward,Convocação Oficial 2026
G,Bélgica,Maarten Vandevoordt,Goalkeeper,Convocação Oficial 2026
G,Bélgica,Matz Sels,Goalkeeper,Convocação Oficial 2026
G,Bélgica,Senne Lammens,Goalkeeper,Convocação Oficial 2026
G,Bélgica,Thibaut Courtois,Goalkeeper,Convocação Oficial 2026
G,Bélgica,Amadou Onana,Midfielder,Convocação Oficial 2026
G,Bélgica,Axel Witsel,Midfielder,Convocação Oficial 2026
G,Bélgica,Charles Vanhoutte,Midfielder,Convocação Oficial 2026
G,Bélgica,Nicolas Raskin,Midfielder,Convocação Oficial 2026
G,Bélgica,Youri Tielemans,Midfielder,Convocação Oficial 2026
G,Egito,Ahmed Eid,Defender,Convocação Oficial 2026
G,Egito,Ahmed Fatouh,Defender,Convocação Oficial 2026
G,Egito,Hossam Abdel-Maguid,Defender,Convocação Oficial 2026
G,Egito,Khaled Sobhi,Defender,Convocação Oficial 2026
G,Egito,Mohamed Hamdy,Defender,Convocação Oficial 2026
G,Egito,Mohamed Hany,Defender,Convocação Oficial 2026
G,Egito,Mohamed Ismail,Defender,Convocação Oficial 2026
G,Egito,Ramy Rabia,Defender,Convocação Oficial 2026
G,Egito,Yasser Ibrahim,Defender,Convocação Oficial 2026
G,Egito,Mostafa Mohamed,Forward,Convocação Oficial 2026
G,Egito,Osama Faisal,Forward,Convocação Oficial 2026
G,Egito,Salah Mohsen,Forward,Convocação Oficial 2026
G,Egito,Ahmed El Shenawy,Goalkeeper,Convocação Oficial 2026
G,Egito,Mohamed El Shenawy,Goalkeeper,Convocação Oficial 2026
G,Egito,Mohamed Sobhi,Goalkeeper,Convocação Oficial 2026
G,Egito,Mostafa Shobeir,Goalkeeper,Convocação Oficial 2026
G,Egito,Ahmed Mostafa Zizo,Midfielder,Convocação Oficial 2026
G,Egito,Emam Ashour,Midfielder,Convocação Oficial 2026
G,Egito,Hamdi Fathi,Midfielder,Convocação Oficial 2026
G,Egito,Ibrahim Adel,Midfielder,Convocação Oficial 2026
G,Egito,Mahmoud Hassan Trezeguet,Midfielder,Convocação Oficial 2026
G,Egito,Mahmoud Saber,Midfielder,Convocação Oficial 2026
G,Egito,Marwan Attia,Midfielder,Convocação Oficial 2026
G,Egito,Mohamed Salah,Midfielder,Convocação Oficial 2026
G,Egito,Mohamed Shehata,Midfielder,Convocação Oficial 2026
G,Egito,Mohannad Lasheen,Midfielder,Convocação Oficial 2026
G,Egito,Mostafa Fathi,Midfielder,Convocação Oficial 2026
G,Egito,Omar Marmoush,Midfielder,Convocação Oficial 2026
G,Irã,Majid Hosseini,Defender,Convocação Oficial 2026
G,Irã,Milad Mohammadi,Defender,Convocação Oficial 2026
G,Irã,Ramin Rezaeian,Defender,Convocação Oficial 2026
G,Irã,Allahyar Sayyadmanesh,Forward,Convocação Oficial 2026
G,Irã,Sardar Azmoun,Forward,Convocação Oficial 2026
G,Irã,Alireza Beiranvand,Goalkeeper,Convocação Oficial 2026
G,Irã,Hossein Hosseini,Goalkeeper,Convocação Oficial 2026
G,Irã,Alireza Jahanbakhsh,Midfielder,Convocação Oficial 2026
G,Irã,Saeid Ezatolahi,Midfielder,Convocação Oficial 2026
G,Nova Zelândia,Liberato Cacace,Defender,Convocação Oficial 2026
G,Nova Zelândia,Michael Boxall,Defender,Convocação Oficial 2026
G,Nova Zelândia,Winston Reid,Defender,Convocação Oficial 2026
G,Nova Zelândia,Ben Waine,Forward,Convocação Oficial 2026
G,Nova Zelândia,Chris Wood,Forward,Convocação Oficial 2026
G,Nova Zelândia,Nick Draper,Goalkeeper,Convocação Oficial 2026
G,Nova Zelândia,Oli Sail,Goalkeeper,Convocação Oficial 2026
G,Nova Zelândia,Alex Greive,Midfielder,Convocação Oficial 2026
G,Nova Zelândia,Marco Rojas,Midfielder,Convocação Oficial 2026
H,Arábia Saudita,Abdulelah Al-Amri,Defender,Convocação Oficial 2026
H,Arábia Saudita,Ali Majrashi,Defender,Convocação Oficial 2026
H,Arábia Saudita,Hassan Al-Tambakti,Defender,Convocação Oficial 2026
H,Arábia Saudita,Jehad Thakri,Defender,Convocação Oficial 2026
H,Arábia Saudita,Mohammed Abu Al-Shamat,Defender,Convocação Oficial 2026
H,Arábia Saudita,Mohammed Sulaiman,Defender,Convocação Oficial 2026
H,Arábia Saudita,Nawaf Boushal,Defender,Convocação Oficial 2026
H,Arábia Saudita,Waleed Al-Ahmed,Defender,Convocação Oficial 2026
H,Arábia Saudita,Abdullah Al-Hamdan,Forward,Convocação Oficial 2026
H,Arábia Saudita,Firas Al-Buraikan,Forward,Convocação Oficial 2026
H,Arábia Saudita,Saleh Al-Shehri,Forward,Convocação Oficial 2026
H,Arábia Saudita,Abdulrahman Al-Sanbi,Goalkeeper,Convocação Oficial 2026
H,Arábia Saudita,Nawaf Al-Aqidi,Goalkeeper,Convocação Oficial 2026
H,Arábia Saudita,Raghed Al-Najjar,Goalkeeper,Convocação Oficial 2026
H,Arábia Saudita,Abdullah Al-Khaibari,Midfielder,Convocação Oficial 2026
H,Arábia Saudita,Abdulrahman Al-Aboud,Midfielder,Convocação Oficial 2026
H,Arábia Saudita,Ayman Yahya,Midfielder,Convocação Oficial 2026
H,Arábia Saudita,Mohamed Kanno,Midfielder,Convocação Oficial 2026
H,Arábia Saudita,Murad Hawsawi,Midfielder,Convocação Oficial 2026
H,Arábia Saudita,Musab Al-Juwayr,Midfielder,Convocação Oficial 2026
H,Arábia Saudita,Nasser Al-Dawsari,Midfielder,Convocação Oficial 2026
H,Arábia Saudita,Saleh Abu Al-Shamat,Midfielder,Convocação Oficial 2026
H,Arábia Saudita,Salem Al-Dawsari,Midfielder,Convocação Oficial 2026
H,Cabo Verde,David Moreira,Defender,Convocação Oficial 2026
H,Cabo Verde,Diney,Defender,Convocação Oficial 2026
H,Cabo Verde,Jojo,Defender,Convocação Oficial 2026
H,Cabo Verde,Kelvin Pires,Defender,Convocação Oficial 2026
H,Cabo Verde,Ricardo Santos,Defender,Convocação Oficial 2026
H,Cabo Verde,Sidny Lopes Cabral,Defender,Convocação Oficial 2026
H,Cabo Verde,Stopira,Defender,Convocação Oficial 2026
H,Cabo Verde,Wagner Pina,Defender,Convocação Oficial 2026
H,Cabo Verde,Alessio da Cruz,Forward,Convocação Oficial 2026
H,Cabo Verde,Dailon Livramento,Forward,Convocação Oficial 2026
H,Cabo Verde,Garry Rodrigues,Forward,Convocação Oficial 2026
H,Cabo Verde,Helio Varela,Forward,Convocação Oficial 2026
H,Cabo Verde,Heriberto Tavares,Forward,Convocação Oficial 2026
H,Cabo Verde,Nuno da Costa,Forward,Convocação Oficial 2026
H,Cabo Verde,Ryan Mendes,Forward,Convocação Oficial 2026
H,Cabo Verde,Willy Semedo,Forward,Convocação Oficial 2026
H,Cabo Verde,Bruno Varela,Goalkeeper,Convocação Oficial 2026
H,Cabo Verde,Marcio Rosa,Goalkeeper,Convocação Oficial 2026
H,Cabo Verde,Vozinha,Goalkeeper,Convocação Oficial 2026
H,Cabo Verde,Ailson Tavares,Midfielder,Convocação Oficial 2026
H,Cabo Verde,Deroy Duarte,Midfielder,Convocação Oficial 2026
H,Cabo Verde,Jamiro Monteiro,Midfielder,Convocação Oficial 2026
H,Cabo Verde,Joao Paulo,Midfielder,Convocação Oficial 2026
H,Cabo Verde,Kevin Pina,Midfielder,Convocação Oficial 2026
H,Cabo Verde,Laros Duarte,Midfielder,Convocação Oficial 2026
H,Cabo Verde,Telmo Arcanjo,Midfielder,Convocação Oficial 2026
H,Espanha,Aymeric Laporte,Defender,Convocação Oficial 2026
H,Espanha,Dani Vivian,Defender,Convocação Oficial 2026
H,Espanha,Marc Cucurella,Defender,Convocação Oficial 2026
H,Espanha,Marcos Llorente,Defender,Convocação Oficial 2026
H,Espanha,Pau Cubarsí,Defender,Convocação Oficial 2026
H,Espanha,Pedro Porro,Defender,Convocação Oficial 2026
H,Espanha,Álex Grimaldo,Defender,Convocação Oficial 2026
H,Espanha,Borja Iglesias,Forward,Convocação Oficial 2026
H,Espanha,Dani Olmo,Forward,Convocação Oficial 2026
H,Espanha,Fermín López,Forward,Convocação Oficial 2026
H,Espanha,Ferran Torres,Forward,Convocação Oficial 2026
H,Espanha,Jorge de Frutos,Forward,Convocação Oficial 2026
H,Espanha,Mikel Oyarzabal,Forward,Convocação Oficial 2026
H,Espanha,Samu Aghehowa,Forward,Convocação Oficial 2026
H,Espanha,Yeremy Pino,Forward,Convocação Oficial 2026
H,Espanha,Alex Remiro,Goalkeeper,Convocação Oficial 2026
H,Espanha,David Raya,Goalkeeper,Convocação Oficial 2026
H,Espanha,Unai Simón,Goalkeeper,Convocação Oficial 2026
H,Espanha,Aleix García,Midfielder,Convocação Oficial 2026
H,Espanha,Fabián Ruiz,Midfielder,Convocação Oficial 2026
H,Espanha,Martín Zubimendi,Midfielder,Convocação Oficial 2026
H,Espanha,Mikel Merino,Midfielder,Convocação Oficial 2026
H,Espanha,Pablo Barrios,Midfielder,Convocação Oficial 2026
H,Espanha,Pablo Fornals,Midfielder,Convocação Oficial 2026
H,Espanha,Álex Baena,Midfielder,Convocação Oficial 2026
H,Uruguai,Guillermo Varela,Defender,Convocação Oficial 2026
H,Uruguai,Joaquín Piquerez,Defender,Convocação Oficial 2026
H,Uruguai,José Luis Rodríguez,Defender,Convocação Oficial 2026
H,Uruguai,José María Giménez,Defender,Convocação Oficial 2026
H,Uruguai,Mathías Olivera,Defender,Convocação Oficial 2026
H,Uruguai,Matías Viña,Defender,Convocação Oficial 2026
H,Uruguai,Ronald Araújo,Defender,Convocação Oficial 2026
H,Uruguai,Santiago Bueno,Defender,Convocação Oficial 2026
H,Uruguai,Sebastián Cáceres,Defender,Convocação Oficial 2026
H,Uruguai,Brian Rodríguez,Forward,Convocação Oficial 2026
H,Uruguai,Facundo Pellistri,Forward,Convocação Oficial 2026
H,Uruguai,Facundo Torres,Forward,Convocação Oficial 2026
H,Uruguai,Federico Viñas,Forward,Convocação Oficial 2026
H,Uruguai,Ignacio Laquintana,Forward,Convocação Oficial 2026
H,Uruguai,Luciano Rodríguez,Forward,Convocação Oficial 2026
H,Uruguai,Rodrigo Aguirre,Forward,Convocação Oficial 2026
H,Uruguai,Cristopher Fiermarin,Goalkeeper,Convocação Oficial 2026
H,Uruguai,Santiago Mele,Goalkeeper,Convocação Oficial 2026
H,Uruguai,Emiliano Martínez,Midfielder,Convocação Oficial 2026
H,Uruguai,Giorgian de Arrascaeta,Midfielder,Convocação Oficial 2026
H,Uruguai,Juan Manuel Sanabria,Midfielder,Convocação Oficial 2026
H,Uruguai,Manuel Ugarte,Midfielder,Convocação Oficial 2026
H,Uruguai,Maximiliano Araújo,Midfielder,Convocação Oficial 2026
H,Uruguai,Nahitan Nández,Midfielder,Convocação Oficial 2026
H,Uruguai,Rodrigo Bentancur,Midfielder,Convocação Oficial 2026
H,Uruguai,Rodrigo Zalazar,Midfielder,Convocação Oficial 2026
H,Uruguai,Santiago Homenchenko,Midfielder,Convocação Oficial 2026
I,França,Dayot Upamecano,Defender,Convocação Oficial 2026
I,França,Ibrahima Konaté,Defender,Convocação Oficial 2026
I,França,Jules Koundé,Defender,Convocação Oficial 2026
I,França,Lucas Digne,Defender,Convocação Oficial 2026
I,França,Lucas Hernandez,Defender,Convocação Oficial 2026
I,França,Malo Gusto,Defender,Convocação Oficial 2026
I,França,Theo Hernandez,Defender,Convocação Oficial 2026
I,França,William Saliba,Defender,Convocação Oficial 2026
I,França,Bradley Barcola,Forward,Convocação Oficial 2026
I,França,Christopher Nkunku,Forward,Convocação Oficial 2026
I,França,Florian Thauvin,Forward,Convocação Oficial 2026
I,França,Hugo Ekitike,Forward,Convocação Oficial 2026
I,França,Jean-Philippe Mateta,Forward,Convocação Oficial 2026
I,França,Maghnes Akliouche,Forward,Convocação Oficial 2026
I,França,Rayan Cherki,Forward,Convocação Oficial 2026
I,França,Brice Samba,Goalkeeper,Convocação Oficial 2026
I,França,Lucas Chevalier,Goalkeeper,Convocação Oficial 2026
I,França,Mike Maignan,Goalkeeper,Convocação Oficial 2026
I,França,Khéphren Thuram,Midfielder,Convocação Oficial 2026
I,França,Michael Olise,Midfielder,Convocação Oficial 2026
I,França,N'Golo Kanté,Midfielder,Convocação Oficial 2026
I,França,Warren Zaïre-Emery,Midfielder,Convocação Oficial 2026
I,Iraque,Ahmed Maknzi,Defender,Convocação Oficial 2026
I,Iraque,Akam Hashim,Defender,Convocação Oficial 2026
I,Iraque,Frans Putros,Defender,Convocação Oficial 2026
I,Iraque,Hussein Ali,Defender,Convocação Oficial 2026
I,Iraque,Manaf Younis,Defender,Convocação Oficial 2026
I,Iraque,Merchas Doski,Defender,Convocação Oficial 2026
I,Iraque,Rebin Sulaka,Defender,Convocação Oficial 2026
I,Iraque,Zaid Tahseen,Defender,Convocação Oficial 2026
I,Iraque,Ali Al-Hamadi,Forward,Convocação Oficial 2026
I,Iraque,Ali Jassim,Forward,Convocação Oficial 2026
I,Iraque,Ali Yousif,Forward,Convocação Oficial 2026
I,Iraque,Aymen Hussein,Forward,Convocação Oficial 2026
I,Iraque,Mohanad Ali,Forward,Convocação Oficial 2026
I,Iraque,Ahmed Basil,Goalkeeper,Convocação Oficial 2026
I,Iraque,Fahad Talib,Goalkeeper,Convocação Oficial 2026
I,Iraque,Kamel Al-Rekabe,Goalkeeper,Convocação Oficial 2026
I,Iraque,Aimar Sher,Midfielder,Convocação Oficial 2026
I,Iraque,Amir Al-Ammari,Midfielder,Convocação Oficial 2026
I,Iraque,Hasan Abdulkareem,Midfielder,Convocação Oficial 2026
I,Iraque,Ibrahim Bayesh,Midfielder,Convocação Oficial 2026
I,Iraque,Kevin Yakob,Midfielder,Convocação Oficial 2026
I,Iraque,Marko Farji,Midfielder,Convocação Oficial 2026
I,Iraque,Peter Gwargis,Midfielder,Convocação Oficial 2026
I,Iraque,Youssef Amyn,Midfielder,Convocação Oficial 2026
I,Iraque,Zaid Ismail,Midfielder,Convocação Oficial 2026
I,Iraque,Zidane Iqbal,Midfielder,Convocação Oficial 2026
I,Noruega,David Møller Wolfe,Defender,Convocação Oficial 2026
I,Noruega,Fredrik André Bjørkan,Defender,Convocação Oficial 2026
I,Noruega,Julian Ryerson,Defender,Convocação Oficial 2026
I,Noruega,Kristoffer Ajer,Defender,Convocação Oficial 2026
I,Noruega,Leo Skiri Østigård,Defender,Convocação Oficial 2026
I,Noruega,Marcus Holmgren Pedersen,Defender,Convocação Oficial 2026
I,Noruega,Sondre Langås,Defender,Convocação Oficial 2026
I,Noruega,Torbjørn Heggem,Defender,Convocação Oficial 2026
I,Noruega,Alexander Sørloth,Forward,Convocação Oficial 2026
I,Noruega,Andreas Schjelderup,Forward,Convocação Oficial 2026
I,Noruega,Erling Haaland,Forward,Convocação Oficial 2026
I,Noruega,Jørgen Strand Larsen,Forward,Convocação Oficial 2026
I,Noruega,Mathias Dyngeland,Goalkeeper,Convocação Oficial 2026
I,Noruega,Sander Tangvik,Goalkeeper,Convocação Oficial 2026
I,Noruega,Ørjan Nyland,Goalkeeper,Convocação Oficial 2026
I,Noruega,Antonio Nusa,Midfielder,Convocação Oficial 2026
I,Noruega,Aron Dønnum,Midfielder,Convocação Oficial 2026
I,Noruega,Kristian Arnstad,Midfielder,Convocação Oficial 2026
I,Noruega,Kristian Thorstvedt,Midfielder,Convocação Oficial 2026
I,Noruega,Morten Thorsby,Midfielder,Convocação Oficial 2026
I,Noruega,Oscar Bobb,Midfielder,Convocação Oficial 2026
I,Noruega,Patrick Berg,Midfielder,Convocação Oficial 2026
I,Noruega,Sander Berge,Midfielder,Convocação Oficial 2026
I,Noruega,Thelo Aasgaard,Midfielder,Convocação Oficial 2026
I,Senegal,Abdoulaye Seck,Defender,Convocação Oficial 2026
I,Senegal,Antoine Mendy,Defender,Convocação Oficial 2026
I,Senegal,El Hadji Malick Diouf,Defender,Convocação Oficial 2026
I,Senegal,Ilay Camara,Defender,Convocação Oficial 2026
I,Senegal,Ismail Jakobs,Defender,Convocação Oficial 2026
I,Senegal,Kalidou Koulibaly,Defender,Convocação Oficial 2026
I,Senegal,Mamadou Sarr,Defender,Convocação Oficial 2026
I,Senegal,Moussa Niakhaté,Defender,Convocação Oficial 2026
I,Senegal,Assane Diao,Forward,Convocação Oficial 2026
I,Senegal,Boulaye Dia,Forward,Convocação Oficial 2026
I,Senegal,Cheikh Sabaly,Forward,Convocação Oficial 2026
I,Senegal,Chérif Ndiaye,Forward,Convocação Oficial 2026
I,Senegal,Habib Diallo,Forward,Convocação Oficial 2026
I,Senegal,Ibrahim Mbaye,Forward,Convocação Oficial 2026
I,Senegal,Iliman Ndiaye,Forward,Convocação Oficial 2026
I,Senegal,Ismaïla Sarr,Forward,Convocação Oficial 2026
I,Senegal,Nicolas Jackson,Forward,Convocação Oficial 2026
I,Senegal,Sadio Mané,Forward,Convocação Oficial 2026
I,Senegal,Edouard Mendy,Goalkeeper,Convocação Oficial 2026
I,Senegal,Mory Diaw,Goalkeeper,Convocação Oficial 2026
I,Senegal,Yehvann Diouf,Goalkeeper,Convocação Oficial 2026
I,Senegal,Idrissa Gueye,Midfielder,Convocação Oficial 2026
I,Senegal,Lamine Camara,Midfielder,Convocação Oficial 2026
I,Senegal,Pape Gueye,Midfielder,Convocação Oficial 2026
I,Senegal,Pape Matar Sarr,Midfielder,Convocação Oficial 2026
I,Senegal,Pathé Ciss,Midfielder,Convocação Oficial 2026
I,Senegal,Rassoul Ndiaye,Midfielder,Convocação Oficial 2026
J,Argentina,Cristian Romero,Defender,Convocação Oficial 2026
J,Argentina,Juan Foyth,Defender,Convocação Oficial 2026
J,Argentina,Kevin Mac Allister,Defender,Convocação Oficial 2026
J,Argentina,Marcos Senesi,Defender,Convocação Oficial 2026
J,Argentina,Nicolás Otamendi,Defender,Convocação Oficial 2026
J,Argentina,Nicolás Tagliafico,Defender,Convocação Oficial 2026
J,Argentina,Valentín Barco,Defender,Convocação Oficial 2026
J,Argentina,Gianluca Prestianni,Forward,Convocação Oficial 2026
J,Argentina,Joaquín Panichelli,Forward,Convocação Oficial 2026
J,Argentina,José Manuel López,Forward,Convocação Oficial 2026
J,Argentina,Lautaro Martínez,Forward,Convocação Oficial 2026
J,Argentina,Lionel Messi,Forward,Convocação Oficial 2026
J,Argentina,Nicolás González,Forward,Convocação Oficial 2026
J,Argentina,Gerónimo Rulli,Goalkeeper,Convocação Oficial 2026
J,Argentina,Walter Benítez,Goalkeeper,Convocação Oficial 2026
J,Argentina,Alexis Mac Allister,Midfielder,Convocação Oficial 2026
J,Argentina,Emiliano Buendía,Midfielder,Convocação Oficial 2026
J,Argentina,Giovani Lo Celso,Midfielder,Convocação Oficial 2026
J,Argentina,Leandro Paredes,Midfielder,Convocação Oficial 2026
J,Argentina,Máximo Perrone,Midfielder,Convocação Oficial 2026
J,Argentina,Nico Paz,Midfielder,Convocação Oficial 2026
J,Argentina,Rodrigo De Paul,Midfielder,Convocação Oficial 2026
J,Argentina,Thiago Almada,Midfielder,Convocação Oficial 2026
J,Argélia,Abdelkader Bedrane,Defender,Convocação Oficial 2026
J,Argélia,Achref Abada,Defender,Convocação Oficial 2026
J,Argélia,Houari Baouche,Defender,Convocação Oficial 2026
J,Argélia,Mohamed Amine Tougai,Defender,Convocação Oficial 2026
J,Argélia,Naoufel Khacef,Defender,Convocação Oficial 2026
J,Argélia,Reda Benchaa,Defender,Convocação Oficial 2026
J,Argélia,Reda Halaïmia,Defender,Convocação Oficial 2026
J,Argélia,Youcef Atal,Defender,Convocação Oficial 2026
J,Argélia,Adam Ounas,Forward,Convocação Oficial 2026
J,Argélia,Adil Boulbina,Forward,Convocação Oficial 2026
J,Argélia,Amir Sayoud,Forward,Convocação Oficial 2026
J,Argélia,Islam Slimani,Forward,Convocação Oficial 2026
J,Argélia,Rafik Guitane,Forward,Convocação Oficial 2026
J,Argélia,Redouane Berkane,Forward,Convocação Oficial 2026
J,Argélia,Yacine Brahimi,Forward,Convocação Oficial 2026
J,Argélia,Yassine Benzia,Forward,Convocação Oficial 2026
J,Argélia,Farid Chaâl,Goalkeeper,Convocação Oficial 2026
J,Argélia,Mohamed Idir Hadid,Goalkeeper,Convocação Oficial 2026
J,Argélia,Rayane Yesli,Goalkeeper,Convocação Oficial 2026
J,Argélia,Houssem Eddine Mrezigue,Midfielder,Convocação Oficial 2026
J,Argélia,Sofiane Bendebka,Midfielder,Convocação Oficial 2026
J,Argélia,Victor Lekhal,Midfielder,Convocação Oficial 2026
J,Argélia,Zakaria Draoui,Midfielder,Convocação Oficial 2026
J,Jordânia,Abdallah Nasib,Defender,Convocação Oficial 2026
J,Jordânia,Adham Al-Quraishi,Defender,Convocação Oficial 2026
J,Jordânia,Ali Hajabi,Defender,Convocação Oficial 2026
J,Jordânia,Hadi Al-Hourani,Defender,Convocação Oficial 2026
J,Jordânia,Husam Abu Dahab,Defender,Convocação Oficial 2026
J,Jordânia,Issam Smeeri,Defender,Convocação Oficial 2026
J,Jordânia,Mohammad Abu Hashish,Defender,Convocação Oficial 2026
J,Jordânia,Mohannad Abu Taha,Defender,Convocação Oficial 2026
J,Jordânia,Saed Al-Rosan,Defender,Convocação Oficial 2026
J,Jordânia,Salim Obaid,Defender,Convocação Oficial 2026
J,Jordânia,Ahmad Ersan,Forward,Convocação Oficial 2026
J,Jordânia,Ali Olwan,Forward,Convocação Oficial 2026
J,Jordânia,Mahmoud Al-Mardi,Forward,Convocação Oficial 2026
J,Jordânia,Mohammad Abu Zrayq,Forward,Convocação Oficial 2026
J,Jordânia,Odeh Al-Fakhouri,Forward,Convocação Oficial 2026
J,Jordânia,Yazan Al-Naimat,Forward,Convocação Oficial 2026
J,Jordânia,Malek Shalabiya,Goalkeeper,Convocação Oficial 2026
J,Jordânia,Nour Bani Attiah,Goalkeeper,Convocação Oficial 2026
J,Jordânia,Yazeed Abulaila,Goalkeeper,Convocação Oficial 2026
J,Jordânia,Amer Jamous,Midfielder,Convocação Oficial 2026
J,Jordânia,Ibrahim Sadeh,Midfielder,Convocação Oficial 2026
J,Jordânia,Nizar Al-Rashdan,Midfielder,Convocação Oficial 2026
J,Jordânia,Rajaei Ayed,Midfielder,Convocação Oficial 2026
J,Áustria,Alexander Prass,Defender,Convocação Oficial 2026
J,Áustria,David Alaba,Defender,Convocação Oficial 2026
J,Áustria,Kevin Danso,Defender,Convocação Oficial 2026
J,Áustria,Leopold Querfeld,Defender,Convocação Oficial 2026
J,Áustria,Marco Friedl,Defender,Convocação Oficial 2026
J,Áustria,Philipp Lienhart,Defender,Convocação Oficial 2026
J,Áustria,Phillipp Mwene,Defender,Convocação Oficial 2026
J,Áustria,Stefan Posch,Defender,Convocação Oficial 2026
J,Áustria,Marko Arnautović,Forward,Convocação Oficial 2026
J,Áustria,Michael Gregoritsch,Forward,Convocação Oficial 2026
J,Áustria,Nikolaus Wurmbrand,Forward,Convocação Oficial 2026
J,Áustria,Raul Florucz,Forward,Convocação Oficial 2026
J,Áustria,Alexander Schlager,Goalkeeper,Convocação Oficial 2026
J,Áustria,Nicolas Kristof,Goalkeeper,Convocação Oficial 2026
J,Áustria,Nikolas Polster,Goalkeeper,Convocação Oficial 2026
J,Áustria,Patrick Pentz,Goalkeeper,Convocação Oficial 2026
J,Áustria,Alessandro Schöpf,Midfielder,Convocação Oficial 2026
J,Áustria,Christoph Baumgartner,Midfielder,Convocação Oficial 2026
J,Áustria,Florian Grillitsch,Midfielder,Convocação Oficial 2026
J,Áustria,Konrad Laimer,Midfielder,Convocação Oficial 2026
J,Áustria,Marcel Sabitzer,Midfielder,Convocação Oficial 2026
J,Áustria,Marco Grüll,Midfielder,Convocação Oficial 2026
J,Áustria,Nicolas Seiwald,Midfielder,Convocação Oficial 2026
J,Áustria,Patrick Wimmer,Midfielder,Convocação Oficial 2026
J,Áustria,Romano Schmid,Midfielder,Convocação Oficial 2026
J,Áustria,Xaver Schlager,Midfielder,Convocação Oficial 2026
K,Colômbia,Carlos Cuesta,Defender,Convocação Oficial 2026
K,Colômbia,Daniel Muñoz,Defender,Convocação Oficial 2026
K,Colômbia,Davinson Sánchez,Defender,Convocação Oficial 2026
K,Colômbia,Jhon Lucumí,Defender,Convocação Oficial 2026
K,Colômbia,Johan Mojica,Defender,Convocação Oficial 2026
K,Colômbia,Santiago Arias,Defender,Convocação Oficial 2026
K,Colômbia,Yerry Mina,Defender,Convocação Oficial 2026
K,Colômbia,Álvaro Angulo,Defender,Convocação Oficial 2026
K,Colômbia,Andrés Gómez,Forward,Convocação Oficial 2026
K,Colômbia,Jhon Córdoba,Forward,Convocação Oficial 2026
K,Colômbia,Johan Carbonero,Forward,Convocação Oficial 2026
K,Colômbia,Luis Díaz,Forward,Convocação Oficial 2026
K,Colômbia,Luis Suárez,Forward,Convocação Oficial 2026
K,Colômbia,Rafael Santos Borré,Forward,Convocação Oficial 2026
K,Colômbia,Camilo Vargas,Goalkeeper,Convocação Oficial 2026
K,Colômbia,David Ospina,Goalkeeper,Convocação Oficial 2026
K,Colômbia,Álvaro Montero,Goalkeeper,Convocação Oficial 2026
K,Colômbia,Gustavo Puerta,Midfielder,Convocação Oficial 2026
K,Colômbia,James Rodríguez,Midfielder,Convocação Oficial 2026
K,Colômbia,Jefferson Lerma,Midfielder,Convocação Oficial 2026
K,Colômbia,Jhon Arias,Midfielder,Convocação Oficial 2026
K,Colômbia,Jorge Carrascal,Midfielder,Convocação Oficial 2026
K,Colômbia,Juan Portilla,Midfielder,Convocação Oficial 2026
K,Colômbia,Kevin Castaño,Midfielder,Convocação Oficial 2026
K,Colômbia,Richard Ríos,Midfielder,Convocação Oficial 2026
K,Colômbia,Yaser Asprilla,Midfielder,Convocação Oficial 2026
K,Portugal,António Silva,Defender,Convocação Oficial 2026
K,Portugal,Diogo Dalot,Defender,Convocação Oficial 2026
K,Portugal,Gonçalo Inácio,Defender,Convocação Oficial 2026
K,Portugal,João Cancelo,Defender,Convocação Oficial 2026
K,Portugal,Nélson Semedo,Defender,Convocação Oficial 2026
K,Portugal,Renato Veiga,Defender,Convocação Oficial 2026
K,Portugal,Rúben Dias,Defender,Convocação Oficial 2026
K,Portugal,Carlos Forbs,Forward,Convocação Oficial 2026
K,Portugal,Cristiano Ronaldo,Forward,Convocação Oficial 2026
K,Portugal,Francisco Conceição,Forward,Convocação Oficial 2026
K,Portugal,Francisco Trincão,Forward,Convocação Oficial 2026
K,Portugal,Gonçalo Ramos,Forward,Convocação Oficial 2026
K,Portugal,João Félix,Forward,Convocação Oficial 2026
K,Portugal,Rafael Leão,Forward,Convocação Oficial 2026
K,Portugal,Diogo Costa,Goalkeeper,Convocação Oficial 2026
K,Portugal,José Sá,Goalkeeper,Convocação Oficial 2026
K,Portugal,Rui Silva,Goalkeeper,Convocação Oficial 2026
K,Portugal,Bernardo Silva,Midfielder,Convocação Oficial 2026
K,Portugal,Bruno Fernandes,Midfielder,Convocação Oficial 2026
K,Portugal,João Neves,Midfielder,Convocação Oficial 2026
K,Portugal,João Palhinha,Midfielder,Convocação Oficial 2026
K,Portugal,Matheus Nunes,Midfielder,Convocação Oficial 2026
K,Portugal,Rúben Neves,Midfielder,Convocação Oficial 2026
K,Portugal,Vitinha,Midfielder,Convocação Oficial 2026
K,RD Congo,Aaron Wan-Bissaka,Defender,Convocação Oficial 2026
K,RD Congo,Arthur Masuaku,Defender,Convocação Oficial 2026
K,RD Congo,Axel Tuanzebe,Defender,Convocação Oficial 2026
K,RD Congo,Chancel Mbemba,Defender,Convocação Oficial 2026
K,RD Congo,Dylan Batubinsika,Defender,Convocação Oficial 2026
K,RD Congo,Jeremy Ngakia,Defender,Convocação Oficial 2026
K,RD Congo,Joris Kayembe,Defender,Convocação Oficial 2026
K,RD Congo,Rocky Bushiri,Defender,Convocação Oficial 2026
K,RD Congo,Steve Kapuadi,Defender,Convocação Oficial 2026
K,RD Congo,Cedric Bakambu,Forward,Convocação Oficial 2026
K,RD Congo,Fiston Mayele,Forward,Convocação Oficial 2026
K,RD Congo,Simon Banza,Forward,Convocação Oficial 2026
K,RD Congo,Yoane Wissa,Forward,Convocação Oficial 2026
K,RD Congo,Lionel Mpasi-Nzau,Goalkeeper,Convocação Oficial 2026
K,RD Congo,Mathieu Epolo,Goalkeeper,Convocação Oficial 2026
K,RD Congo,Timothé Fayulu,Goalkeeper,Convocação Oficial 2026
K,RD Congo,Brian Silbenga,Midfielder,Convocação Oficial 2026
K,RD Congo,Charles Pickel,Midfielder,Convocação Oficial 2026
K,RD Congo,Edo Kayembe,Midfielder,Convocação Oficial 2026
K,RD Congo,Grady Diangana,Midfielder,Convocação Oficial 2026
K,RD Congo,Meschack Elia,Midfielder,Convocação Oficial 2026
K,RD Congo,Nathanael Mbuku,Midfielder,Convocação Oficial 2026
K,RD Congo,Ngala Mukaou,Midfielder,Convocação Oficial 2026
K,RD Congo,Noah Sadiki,Midfielder,Convocação Oficial 2026
K,RD Congo,Samuel Moutoussamy,Midfielder,Convocação Oficial 2026
K,RD Congo,Theo Bongonda,Midfielder,Convocação Oficial 2026
K,Uzbequistão,Abdukodir Khusanov,Defender,Convocação Oficial 2026
K,Uzbequistão,Abdulla Abdullaev,Defender,Convocação Oficial 2026
K,Uzbequistão,Farrukh Sayfiev,Defender,Convocação Oficial 2026
K,Uzbequistão,Husniddin Aliqulov,Defender,Convocação Oficial 2026
K,Uzbequistão,Khojiakbar Alijonov,Defender,Convocação Oficial 2026
K,Uzbequistão,Mukhammadkodir Khamraliev,Defender,Convocação Oficial 2026
K,Uzbequistão,Rustam Ashurmatov,Defender,Convocação Oficial 2026
K,Uzbequistão,Sherzod Nasrullaev,Defender,Convocação Oficial 2026
K,Uzbequistão,Umar Eshmurodov,Defender,Convocação Oficial 2026
K,Uzbequistão,Eldor Shomurodov,Forward,Convocação Oficial 2026
K,Uzbequistão,Igor Sergeev,Forward,Convocação Oficial 2026
K,Uzbequistão,Khusayin Norchaev,Forward,Convocação Oficial 2026
K,Uzbequistão,Abduvohid Nematov,Goalkeeper,Convocação Oficial 2026
K,Uzbequistão,Botirali Ergashev,Goalkeeper,Convocação Oficial 2026
K,Uzbequistão,Vladimir Nazarov,Goalkeeper,Convocação Oficial 2026
K,Uzbequistão,Akmal Mozgovoy,Midfielder,Convocação Oficial 2026
K,Uzbequistão,Azizbek Turgunboev,Midfielder,Convocação Oficial 2026
K,Uzbequistão,Azizjon Ganiev,Midfielder,Convocação Oficial 2026
K,Uzbequistão,Dostonbek Khamdamov,Midfielder,Convocação Oficial 2026
K,Uzbequistão,Jamshid Iskanderov,Midfielder,Convocação Oficial 2026
K,Uzbequistão,Khojimat Erkinov,Midfielder,Convocação Oficial 2026
K,Uzbequistão,Odiljon Hamrobekov,Midfielder,Convocação Oficial 2026
K,Uzbequistão,Oston Urunov,Midfielder,Convocação Oficial 2026
K,Uzbequistão,Otabek Shukurov,Midfielder,Convocação Oficial 2026
K,Uzbequistão,Ruslanbek Jiyanov,Midfielder,Convocação Oficial 2026
K,Uzbequistão,Sardorbek Bakhromov,Midfielder,Convocação Oficial 2026
L,Croácia,Duje Ćaleta-Car,Defender,Convocação Oficial 2026
L,Croácia,Josip Stanišić,Defender,Convocação Oficial 2026
L,Croácia,Josip Šutalo,Defender,Convocação Oficial 2026
L,Croácia,Joško Gvardiol,Defender,Convocação Oficial 2026
L,Croácia,Luka Vušković,Defender,Convocação Oficial 2026
L,Croácia,Marin Pongračić,Defender,Convocação Oficial 2026
L,Croácia,Martin Erlić,Defender,Convocação Oficial 2026
L,Croácia,Andrej Kramarić,Forward,Convocação Oficial 2026
L,Croácia,Franjo Ivanović,Forward,Convocação Oficial 2026
L,Croácia,Igor Matanović,Forward,Convocação Oficial 2026
L,Croácia,Ivan Perišić,Forward,Convocação Oficial 2026
L,Croácia,Marco Pašalić,Forward,Convocação Oficial 2026
L,Croácia,Mislav Oršić,Forward,Convocação Oficial 2026
L,Croácia,Petar Musa,Forward,Convocação Oficial 2026
L,Croácia,Dominik Livaković,Goalkeeper,Convocação Oficial 2026
L,Croácia,Ivica Ivušić,Goalkeeper,Convocação Oficial 2026
L,Croácia,Ivor Pandur,Goalkeeper,Convocação Oficial 2026
L,Croácia,Kristijan Jakić,Midfielder,Convocação Oficial 2026
L,Croácia,Luka Modrić,Midfielder,Convocação Oficial 2026
L,Croácia,Mario Pašalić,Midfielder,Convocação Oficial 2026
L,Croácia,Nikola Moro,Midfielder,Convocação Oficial 2026
L,Croácia,Nikola Vlašić,Midfielder,Convocação Oficial 2026
L,Croácia,Petar Sučić,Midfielder,Convocação Oficial 2026
L,Croácia,Toni Fruk,Midfielder,Convocação Oficial 2026
L,Gana,Alidu Seidu,Defender,Convocação Oficial 2026
L,Gana,Caleb Yirenkyi,Defender,Convocação Oficial 2026
L,Gana,Derrick Köhn,Defender,Convocação Oficial 2026
L,Gana,Ebenezer Annan,Defender,Convocação Oficial 2026
L,Gana,Gideon Mensah,Defender,Convocação Oficial 2026
L,Gana,Jerome Opoku,Defender,Convocação Oficial 2026
L,Gana,Jonas Adjetey,Defender,Convocação Oficial 2026
L,Gana,Kojo Peprah Oppong,Defender,Convocação Oficial 2026
L,Gana,Mohammed Salisu,Defender,Convocação Oficial 2026
L,Gana,Antoine Semenyo,Forward,Convocação Oficial 2026
L,Gana,Brandon Thomas-Asante,Forward,Convocação Oficial 2026
L,Gana,Prince Osei Owusu,Forward,Convocação Oficial 2026
L,Gana,Benjamin Asare,Goalkeeper,Convocação Oficial 2026
L,Gana,Joseph Anang,Goalkeeper,Convocação Oficial 2026
L,Gana,Lawrence Ati-Zigi,Goalkeeper,Convocação Oficial 2026
L,Gana,Abu Francis,Midfielder,Convocação Oficial 2026
L,Gana,Christopher Bonsu Baah,Midfielder,Convocação Oficial 2026
L,Gana,Kamaldeen Sulemana,Midfielder,Convocação Oficial 2026
L,Gana,Kelvin Nkrumah,Midfielder,Convocação Oficial 2026
L,Gana,Kwasi Sibo,Midfielder,Convocação Oficial 2026
L,Gana,Prince Kwabena Adu,Midfielder,Convocação Oficial 2026
L,Gana,Prince Owusu,Midfielder,Convocação Oficial 2026
L,Inglaterra,Dan Burn,Defender,Convocação Oficial 2026
L,Inglaterra,Djed Spence,Defender,Convocação Oficial 2026
L,Inglaterra,Ezri Konsa,Defender,Convocação Oficial 2026
L,Inglaterra,Jarell Quansah,Defender,Convocação Oficial 2026
L,Inglaterra,John Stones,Defender,Convocação Oficial 2026
L,Inglaterra,Marc Guéhi,Defender,Convocação Oficial 2026
L,Inglaterra,Nico O’Reilly,Defender,Convocação Oficial 2026
L,Inglaterra,Reece James,Defender,Convocação Oficial 2026
L,Inglaterra,Anthony Gordon,Forward,Convocação Oficial 2026
L,Inglaterra,Bukayo Saka,Forward,Convocação Oficial 2026
L,Inglaterra,Eberechi Eze,Forward,Convocação Oficial 2026
L,Inglaterra,Harry Kane,Forward,Convocação Oficial 2026
L,Inglaterra,Jarrod Bowen,Forward,Convocação Oficial 2026
L,Inglaterra,Marcus Rashford,Forward,Convocação Oficial 2026
L,Inglaterra,Dean Henderson,Goalkeeper,Convocação Oficial 2026
L,Inglaterra,Jordan Pickford,Goalkeeper,Convocação Oficial 2026
L,Inglaterra,Nick Pope,Goalkeeper,Convocação Oficial 2026
L,Inglaterra,Adam Wharton,Midfielder,Convocação Oficial 2026
L,Inglaterra,Alex Scott,Midfielder,Convocação Oficial 2026
L,Inglaterra,Declan Rice,Midfielder,Convocação Oficial 2026
L,Inglaterra,Elliot Anderson,Midfielder,Convocação Oficial 2026
L,Inglaterra,Jordan Henderson,Midfielder,Convocação Oficial 2026
L,Inglaterra,Jude Bellingham,Midfielder,Convocação Oficial 2026
L,Inglaterra,Morgan Rogers,Midfielder,Convocação Oficial 2026
L,Panamá,Andrés Andrade,Defender,Convocação Oficial 2026
L,Panamá,Carlos Harvey,Defender,Convocação Oficial 2026
L,Panamá,César Blackman,Defender,Convocação Oficial 2026
L,Panamá,Edgardo Fariña,Defender,Convocação Oficial 2026
L,Panamá,Fidel Escobar,Defender,Convocação Oficial 2026
L,Panamá,Iván Anderson,Defender,Convocação Oficial 2026
L,Panamá,Jiovany Ramos,Defender,Convocação Oficial 2026
L,Panamá,Jorge Gutiérrez,Defender,Convocação Oficial 2026
L,Panamá,Éric Davis,Defender,Convocação Oficial 2026
L,Panamá,Cecilio Waterman,Forward,Convocação Oficial 2026
L,Panamá,José Fajardo,Forward,Convocação Oficial 2026
L,Panamá,Tomás Rodríguez,Forward,Convocação Oficial 2026
L,Panamá,César Samudio,Goalkeeper,Convocação Oficial 2026
L,Panamá,Luis Mejía,Goalkeeper,Convocação Oficial 2026
L,Panamá,Orlando Mosquera,Goalkeeper,Convocação Oficial 2026
L,Panamá,Adalberto Carrasquilla,Midfielder,Convocação Oficial 2026
L,Panamá,Alberto Quintero,Midfielder,Convocação Oficial 2026
L,Panamá,Aníbal Godoy,Midfielder,Convocação Oficial 2026
L,Panamá,Azarias Londoño,Midfielder,Convocação Oficial 2026
L,Panamá,Cristian Martínez,Midfielder,Convocação Oficial 2026
L,Panamá,Edward Cedeño,Midfielder,Convocação Oficial 2026
L,Panamá,Ismael Díaz,Midfielder,Convocação Oficial 2026
L,Panamá,José Rodríguez,Midfielder,Convocação Oficial 2026
L,Panamá,Jovani Welch,Midfielder,Convocação Oficial 2026
L,Panamá,Omar Browne,Midfielder,Convocação Oficial 2026
C,Brasil,Alisson,Goalkeeper,Convocação Oficial 2026 (Web Search)
C,Brasil,Ederson,Goalkeeper,Convocação Oficial 2026 (Web Search)
C,Brasil,Weverton,Goalkeeper,Convocação Oficial 2026 (Web Search)
C,Brasil,Alex Sandro,Defender,Convocação Oficial 2026 (Web Search)
C,Brasil,Bremer,Defender,Convocação Oficial 2026 (Web Search)
C,Brasil,Danilo,Defender,Convocação Oficial 2026 (Web Search)
C,Brasil,Douglas Santos,Defender,Convocação Oficial 2026 (Web Search)
C,Brasil,Gabriel Magalhães,Defender,Convocação Oficial 2026 (Web Search)
C,Brasil,Ibañez,Defender,Convocação Oficial 2026 (Web Search)
C,Brasil,Léo Pereira,Defender,Convocação Oficial 2026 (Web Search)
C,Brasil,Marquinhos,Defender,Convocação Oficial 2026 (Web Search)
C,Brasil,Bruno Guimarães,Midfielder,Convocação Oficial 2026 (Web Search)
C,Brasil,Casemiro,Midfielder,Convocação Oficial 2026 (Web Search)
C,Brasil,Danilo Santos,Midfielder,Convocação Oficial 2026 (Web Search)
C,Brasil,Éderson,Midfielder,Convocação Oficial 2026 (Web Search)
C,Brasil,Fabinho,Midfielder,Convocação Oficial 2026 (Web Search)
C,Brasil,Lucas Paquetá,Midfielder,Convocação Oficial 2026 (Web Search)
C,Brasil,Endrick,Forward,Convocação Oficial 2026 (Web Search)
C,Brasil,Gabriel Martinelli,Forward,Convocação Oficial 2026 (Web Search)
C,Brasil,Igor Thiago,Forward,Convocação Oficial 2026 (Web Search)
C,Brasil,Luiz Henrique,Forward,Convocação Oficial 2026 (Web Search)
C,Brasil,Matheus Cunha,Forward,Convocação Oficial 2026 (Web Search)
C,Brasil,Neymar Jr.,Forward,Convocação Oficial 2026 (Web Search)
C,Brasil,Raphinha,Forward,Convocação Oficial 2026 (Web Search)
C,Brasil,Rayan,Forward,Convocação Oficial 2026 (Web Search)
C,Brasil,Vinícius Jr.,Forward,Convocação Oficial 2026 (Web Search)
